,title,url,thumbnail_url,description,channel_name,others
0,Polo G - Heating Up (feat. YungLiV) (Official Video),https://www.youtube.com/watch?v=HmtyTp8cprA,https://i.ytimg.com/vi/HmtyTp8cprA/hqdefault.jpg?sqp=-oaymwEcCPYBEIoBSFXyq4qpAw4IARUAAIhCGAFwAcABBg==&rs=AOn4CLC3yPLwU4hGt-pIF3157dZlyoCb5g,Official video for ‚ÄúHeating Up‚Äù by Polo G (feat. YungLiV) Listen & Download ‚ÄòHall Of Fame 2.0‚Äô out now: https://polog.lnk.to/HOFDeluxe Amazon Music - https://polog.lnk.to/HOFDeluxe/amaz...,Polo G,"Polo G
688K views
23 hours ago"
1,Turning $0.01 Into a House in 1 Week: Days 7-28,https://www.youtube.com/watch?v=R79WekY7zOg,https://i.ytimg.com/vi/R79WekY7zOg/hqdefault.jpg?sqp=-oaymwEcCPYBEIoBSFXyq4qpAw4IARUAAIhCGAFwAcABBg==&rs=AOn4CLBbU3OW8RHpfmmcI6QWvLqFQzbudg,penny ‚Üí house... we did it shopify FREE trial ‚Üí https://shopify.com/ryantrahan buy one of hannah's items ‚Üí https://hannahalisaco.myshopify.com/,Ryan Trahan,"Ryan Trahan
1.7M views
23 hours ago"
2,MY WIFE IS MAD AT ME ALL THE TIME! üò≥ #shorts,https://www.youtube.com/shorts/lzMG_CV1yVU,https://i.ytimg.com/vi/lzMG_CV1yVU/hq2.jpg,,The Furrha Family,"The Furrha Family
6.8M views
1 day ago"
3,Chris Brown - Iffy (Official Video),https://www.youtube.com/watch?v=hLpAZ8_BZS4,https://i.ytimg.com/vi/hLpAZ8_BZS4/hqdefault.jpg?sqp=-oaymwEcCPYBEIoBSFXyq4qpAw4IARUAAIhCGAFwAcABBg==&rs=AOn4CLB1Y7ei4-iTqD6prkFJGKl22giLKw,"Chris Brown - ""Iffy"" out now! https://smarturl.it/xIffy Watch and Listen to ‚ÄúGo Crazy‚Äù by Chris Brown x Young Thug - https://smarturl.it/xCBGC Listen to more by Chris: https://ChrisBrown.l...",Chris Brown,"Chris Brown
1M views
23 hours ago"
4,"Diane Guerrero, Stephanie Beatriz - What Else Can I Do? (From ""Encanto"")",https://www.youtube.com/watch?v=bBeZSuHI4Qc,https://i.ytimg.com/vi/bBeZSuHI4Qc/hqdefault.jpg?sqp=-oaymwEcCPYBEIoBSFXyq4qpAw4IARUAAIhCGAFwAcABBg==&rs=AOn4CLDlDMH6rdMDaO-pf2TiWLkoqzLI3A,"Walt Disney Animation Studios‚Äô ‚ÄúEncanto‚Äù tells the tale of an extraordinary family, the Madrigals, who live hidden in the mountains of Colombia, in a magical house, in a vibrant town,...",DisneyMusicVEVO,"DisneyMusicVEVO
4.5M views
1 day ago"
5,"I Lost $3,500,000 On Fake Pok√©mon Cards",https://www.youtube.com/watch?v=i8lmQ5Ls6bw,,"Drink Prime so I can get my $3,500,000 back :) Follow @DrinkPrime on Instagram ‚ñ∫ https://www.instagram.com/drinkprime/ SUBSCRIBE FOR DAILY VLOGS! ‚ñ∫ http://bit.ly/Subscribe2Logan Watch...",Logan Paul,"Logan Paul
‚Ä¢
3.4M views
1 day ago"
6,Adding a Giant Crab to my Game So Netflix doesn't Sue me,https://www.youtube.com/watch?v=iP_F_k2rtpg,,haha netflix please have mercy brrr ‚û§ Download Crab Game for free - https://store.steampowered.com/app/1782210/Crab_Game/ ‚û§ Wishlist KARLSON - https://store.steampowered.com/app/1228610/KARLS...,Dani,"Dani
1.4M views
1 day ago"
7,NLE Choppa - Too Hot (feat. Moneybagg Yo) [Official Music Video],https://www.youtube.com/watch?v=zhzou1ddUKk,,"""Too Hot"" available now: https://nlechoppa.lnk.to/TooHot WEBSITE: HERBS https://www.nlehealthandwellness.com üíú WEBSITE: MERCH https://www.nlehealthandwellness.com/new-collection Follow...",NLE CHOPPA,"NLE CHOPPA
517K views
22 hours ago"
8,Revisiting Minecraft Skyblock - 3 Years Later,https://www.youtube.com/watch?v=B_Mm-YZ93w4,,"Revisiting Minecraft Skyblock 3 Years Later. Today I make my return to classic Minecraft Skyblock for the first time in over 2 years! Join me as I look back on one of my oldest minecraft series,...",WadZee,"WadZee
1.2M views
1 day ago"
9,The Story of Minecraft's RICHEST Villager..,https://www.youtube.com/watch?v=Yi1vVk3Owk4,,I beat Minecraft as a Villager and it is HILARIOUS!! Big thanks to @Evbo and @Grox for voicing! More stuff coming with them soon! FOLLOW ME ON TWITTER! PLS Twitter - https://twitter.com/seawattga...,SeaWattgaming,"SeaWattgaming
526K views
21 hours ago"
